{"entities":{"pages":{"Extra-FPGAs":{"id":"Extra-FPGAs","title":"Extra - FPGAs","url":"extra-fpgas.html","level":0,"pages":["Chapter-1"],"tabIndex":0},"Chapter-1":{"id":"Chapter-1","title":"Chapter 1","url":"chapter-1.html","level":1,"parentId":"Extra-FPGAs","tabIndex":0},"Default-topic":{"id":"Default-topic","title":"Overview","url":"default-topic.html","level":0,"tabIndex":1},"SA":{"id":"SA","title":"SA","url":"sa.html","level":0,"pages":["Curs-11"],"tabIndex":2},"Curs-11":{"id":"Curs-11","title":"Curs 11","url":"curs-11.html","level":1,"parentId":"SA","tabIndex":0},"PAC":{"id":"PAC","title":"PAC","url":"pac.html","level":0,"pages":["Curs10"],"tabIndex":3},"Curs10":{"id":"Curs10","title":"Curs11","url":"curs10.html","level":1,"parentId":"PAC","tabIndex":0},"CERI1":{"id":"CERI1","title":"CERI1","url":"ceri1.html","level":0,"pages":["Curs10_ceri1"],"tabIndex":4},"Curs10_ceri1":{"id":"Curs10_ceri1","title":"Curs11","url":"curs10-ceri1.html","level":1,"parentId":"CERI1","tabIndex":0}}},"topLevelIds":["Extra-FPGAs","Default-topic","SA","PAC","CERI1"]}